date,price
08/15/2025,62.80
08/14/2025,63.96
08/13/2025,62.65
08/12/2025,63.17
08/11/2025,63.96
08/10/2025,63.44
08/08/2025,63.88
08/07/2025,63.88
08/06/2025,64.35
08/05/2025,65.16
08/04/2025,66.29
08/01/2025,67.33
07/31/2025,69.26
07/30/2025,70.00
07/29/2025,69.21
07/28/2025,66.71
07/25/2025,65.16
07/24/2025,66.03
07/23/2025,65.25
07/22/2025,66.21
07/21/2025,67.20
07/18/2025,67.34
07/17/2025,67.54
07/16/2025,66.38
07/15/2025,65.37
07/14/2025,65.81
07/11/2025,68.45
07/10/2025,66.57
07/09/2025,68.38
07/08/2025,68.33
07/07/2025,67.93
07/04/2025,66.49
07/03/2025,67.00
07/02/2025,67.45
07/01/2025,65.45
06/30/2025,65.11
06/27/2025,65.52
06/26/2025,65.24
06/25/2025,64.92
06/24/2025,64.37
06/23/2025,68.51
06/20/2025,74.93
06/19/2025,73.82
06/18/2025,75.14
06/17/2025,74.84
06/16/2025,71.77
06/13/2025,71.29
06/12/2025,66.64
06/11/2025,66.90
06/10/2025,63.91
06/09/2025,64.22
06/06/2025,64.58
06/05/2025,63.37
06/04/2025,62.85
06/03/2025,63.41
06/02/2025,62.52
05/30/2025,60.79
05/29/2025,60.94
05/28/2025,61.84
05/27/2025,60.89
05/26/2025,61.49
05/25/2025,61.93
05/23/2025,61.53
05/22/2025,61.20
05/21/2025,61.57
05/20/2025,62.56
05/19/2025,62.69
05/16/2025,61.97
05/15/2025,61.15
05/14/2025,62.68
05/13/2025,63.25
05/12/2025,61.56
05/09/2025,61.02
05/08/2025,59.91
05/07/2025,58.07
05/06/2025,59.09
05/05/2025,57.13
05/02/2025,58.29
05/01/2025,59.24
04/30/2025,58.21
04/29/2025,60.42
04/28/2025,62.05
04/25/2025,63.02
04/24/2025,62.79
04/23/2025,62.27
04/22/2025,64.31
04/21/2025,63.08
04/17/2025,64.68
04/16/2025,62.47
04/15/2025,60.75
04/14/2025,61.05
04/11/2025,61.50
04/10/2025,60.07
04/09/2025,62.35
04/08/2025,59.58
04/07/2025,60.70
04/04/2025,61.99
04/03/2025,66.95
04/02/2025,71.71
04/01/2025,71.20
03/31/2025,71.48
03/28/2025,69.36
03/27/2025,69.92
03/26/2025,69.65
03/25/2025,69.00
03/24/2025,69.11
03/21/2025,68.28
03/20/2025,68.26
03/19/2025,67.16
03/18/2025,66.90
03/17/2025,67.37
03/14/2025,66.91
03/13/2025,66.27
03/12/2025,67.38
03/11/2025,65.93
03/10/2025,65.68
03/07/2025,67.04
03/06/2025,66.36
03/05/2025,66.31
03/04/2025,68.26
03/03/2025,68.37
02/28/2025,69.76
02/27/2025,70.35
02/26/2025,68.62
02/25/2025,68.93
02/24/2025,70.70
02/21/2025,70.40
02/20/2025,72.57
02/19/2025,72.25
02/18/2025,71.85
02/14/2025,70.71
02/13/2025,71.14
02/12/2025,71.24
02/11/2025,73.08
02/10/2025,72.01
02/07/2025,71.00
02/06/2025,70.61
02/05/2025,71.03
02/04/2025,72.70
02/03/2025,73.16
01/31/2025,72.53
01/30/2025,72.73
01/29/2025,72.62
01/28/2025,73.77
01/27/2025,73.17
01/24/2025,74.66
01/23/2025,74.62
01/22/2025,75.44
01/21/2025,75.89
01/17/2025,77.88
01/16/2025,78.68
01/15/2025,78.71
01/14/2025,76.37
01/13/2025,77.30
01/10/2025,75.75
01/09/2025,73.24
01/08/2025,72.67
01/07/2025,73.57
01/06/2025,72.92
01/03/2025,73.21
01/02/2025,72.50
12/31/2024,71.25
12/30/2024,70.53
12/27/2024,70.18
12/26/2024,69.23
12/24/2024,69.64
12/23/2024,68.81
12/20/2024,69.02
12/19/2024,69.38
12/18/2024,70.02
12/17/2024,69.65
12/16/2024,70.29
12/13/2024,70.82
12/12/2024,69.66
12/11/2024,69.87
12/10/2024,68.27
12/09/2024,68.09
12/06/2024,66.98
12/05/2024,67.96
12/04/2024,68.19
12/03/2024,69.54
12/02/2024,67.84
11/29/2024,67.72
11/27/2024,68.35
11/26/2024,68.44
11/25/2024,68.58
11/22/2024,70.77
11/21/2024,69.77
11/20/2024,68.75
11/19/2024,69.24
11/18/2024,69.17
11/15/2024,66.92
11/14/2024,68.53
11/13/2024,68.26
11/12/2024,67.97
11/11/2024,67.92
11/08/2024,70.11
11/07/2024,71.96
11/06/2024,71.24
11/05/2024,71.56
11/04/2024,71.03
11/01/2024,69.08
10/31/2024,68.81
10/30/2024,68.18
10/29/2024,66.81
10/28/2024,66.98
10/25/2024,71.35
10/24/2024,69.84
10/23/2024,70.37
10/22/2024,71.74
10/21/2024,70.04
10/18/2024,68.69
10/17/2024,70.09
10/16/2024,69.82
10/15/2024,70.01
10/14/2024,73.24
10/11/2024,74.85
10/10/2024,75.11
10/09/2024,72.59
10/08/2024,72.98
10/07/2024,76.47
10/04/2024,73.68
10/03/2024,73.17
10/02/2024,69.69
10/01/2024,69.39
09/30/2024,67.77
09/27/2024,67.67
09/26/2024,67.19
09/25/2024,69.13
09/24/2024,70.84
09/23/2024,69.61
09/20/2024,71.00
09/19/2024,71.16
09/18/2024,69.88
09/17/2024,69.96
09/16/2024,69.02
09/13/2024,67.75
09/12/2024,68.15
09/11/2024,66.60
09/10/2024,65.14
09/09/2024,67.91
09/06/2024,66.98
09/05/2024,68.50
09/04/2024,68.52
09/03/2024,69.59
09/02/2024,73.78
09/01/2024,72.98
08/30/2024,72.65
08/29/2024,74.67
08/28/2024,73.44
08/27/2024,74.46
08/26/2024,76.17
08/23/2024,73.93
08/22/2024,72.28
08/21/2024,71.30
08/20/2024,73.17
08/19/2024,73.66
08/16/2024,75.54
08/15/2024,76.99
08/14/2024,75.84
08/13/2024,76.80
08/12/2024,78.46
08/09/2024,75.61
08/08/2024,75.04
08/07/2024,74.17
08/06/2024,72.34
08/05/2024,72.20
08/02/2024,72.59
08/01/2024,75.40
07/31/2024,76.84
07/30/2024,73.88
07/29/2024,74.80
07/26/2024,76.00
07/25/2024,77.11
07/24/2024,76.58
07/23/2024,75.92
07/22/2024,78.40
07/19/2024,78.64
07/18/2024,81.30
07/17/2024,81.44
07/16/2024,79.71
07/15/2024,80.84
07/12/2024,81.02
07/11/2024,81.38
07/10/2024,81.07
07/09/2024,80.56
07/08/2024,81.52
07/05/2024,82.26
07/04/2024,83.94
07/03/2024,83.02
07/02/2024,81.91
07/01/2024,82.32
06/28/2024,80.64
06/27/2024,80.83
06/26/2024,80.19
06/25/2024,80.07
06/24/2024,80.86
06/21/2024,79.96
06/20/2024,81.29
06/19/2024,80.59
06/18/2024,80.71
06/17/2024,79.72
06/14/2024,78.05
06/13/2024,78.26
06/12/2024,78.15
06/11/2024,77.55
06/10/2024,77.33
06/07/2024,75.22
06/06/2024,75.24
06/05/2024,73.82
06/04/2024,73.06
06/03/2024,74.09
05/31/2024,76.73
05/30/2024,77.54
05/29/2024,78.80
05/28/2024,79.35
05/27/2024,78.65
05/24/2024,77.23
05/23/2024,76.46
05/22/2024,77.15
05/21/2024,78.66
05/20/2024,79.30
05/17/2024,79.58
05/16/2024,78.74
05/15/2024,78.16
05/14/2024,77.65
05/13/2024,78.60
05/10/2024,77.84
05/09/2024,78.80
05/08/2024,78.56
05/07/2024,78.06
05/06/2024,78.14
05/03/2024,77.76
05/02/2024,78.48
05/01/2024,78.44
04/30/2024,81.28
04/29/2024,82.03
04/26/2024,83.13
04/25/2024,82.75
04/24/2024,82.09
04/23/2024,82.56
04/22/2024,81.90
04/19/2024,82.22
04/18/2024,82.10
04/17/2024,82.15
04/16/2024,84.83
04/15/2024,84.86
04/12/2024,85.08
04/11/2024,84.45
04/10/2024,85.44
04/09/2024,84.46
04/08/2024,85.53
04/05/2024,86.10
04/04/2024,85.81
04/03/2024,84.61
04/02/2024,84.22
04/01/2024,82.82
03/28/2024,82.42
03/27/2024,80.78
03/26/2024,81.04
03/25/2024,81.38
03/22/2024,80.17
03/21/2024,80.64
03/20/2024,81.27
03/19/2024,82.73
03/18/2024,82.16
03/15/2024,80.58
03/14/2024,80.74
03/13/2024,79.30
03/12/2024,77.25
03/11/2024,77.53
03/08/2024,77.50
03/07/2024,78.32
03/06/2024,78.41
03/05/2024,77.41
03/04/2024,78.17
03/01/2024,79.09
02/29/2024,77.45
02/28/2024,77.83
02/27/2024,78.23
02/26/2024,77.09
02/23/2024,76.08
02/22/2024,77.93
02/21/2024,77.31
02/20/2024,77.04
02/19/2024,78.11
02/16/2024,78.46
02/15/2024,77.59
02/14/2024,76.36
02/13/2024,77.56
02/12/2024,76.82
02/09/2024,76.77
02/08/2024,76.19
02/07/2024,73.91
02/06/2024,73.37
02/05/2024,72.85
02/02/2024,72.30
02/01/2024,73.79
01/31/2024,75.71
01/30/2024,77.65
01/29/2024,76.67
01/26/2024,77.86
01/25/2024,77.19
01/24/2024,74.98
01/23/2024,74.27
01/22/2024,74.76
01/19/2024,73.25
01/18/2024,73.95
01/17/2024,72.48
01/16/2024,72.52
01/15/2024,72.79
01/12/2024,72.79
01/11/2024,72.09
01/10/2024,71.44
01/09/2024,72.29
01/08/2024,70.92
01/05/2024,73.86
01/04/2024,72.36
01/03/2024,72.89
01/02/2024,70.62
01/01/2024,71.97
12/29/2023,71.84
12/28/2023,71.97
12/27/2023,74.34
12/26/2023,75.71
12/25/2023,73.79
12/22/2023,73.73
12/21/2023,74.06
12/20/2023,74.45
12/19/2023,73.94
12/18/2023,72.82
12/15/2023,71.78
12/14/2023,71.91
12/13/2023,69.72
12/12/2023,68.85
12/11/2023,71.56
12/08/2023,71.44
12/07/2023,69.59
12/06/2023,69.65
12/05/2023,72.53
12/04/2023,73.32
12/01/2023,74.25
11/30/2023,76.05
11/29/2023,77.99
11/28/2023,76.59
11/27/2023,75.09
11/24/2023,75.77
11/23/2023,76.34
11/22/2023,77.25
11/21/2023,77.92
11/20/2023,77.83
11/17/2023,76.04
11/16/2023,73.09
11/15/2023,76.79
11/14/2023,78.17
11/13/2023,78.19
11/10/2023,77.15
11/09/2023,75.75
11/08/2023,75.31
11/07/2023,77.21
11/06/2023,80.60
11/03/2023,80.23
11/02/2023,82.16
11/01/2023,80.10
10/31/2023,80.50
10/30/2023,81.68
10/27/2023,84.70
10/26/2023,82.54
10/25/2023,84.69
10/24/2023,82.97
10/23/2023,84.42
10/20/2023,88.08
10/19/2023,88.37
10/18/2023,87.27
10/17/2023,85.44
10/16/2023,85.26
10/13/2023,86.35
10/12/2023,81.80
10/11/2023,82.07
10/10/2023,84.13
10/09/2023,84.60
10/06/2023,81.28
10/05/2023,80.81
10/04/2023,82.55
10/03/2023,87.44
10/02/2023,87.17
09/29/2023,88.80
09/28/2023,89.59
09/27/2023,91.30
09/26/2023,88.78
09/25/2023,88.17
09/22/2023,88.35
09/21/2023,88.32
09/20/2023,89.66
09/19/2023,90.48
09/18/2023,90.58
09/15/2023,90.02
09/14/2023,89.61
09/13/2023,87.88
09/12/2023,88.16
09/11/2023,86.66
09/08/2023,86.81
09/07/2023,86.15
09/06/2023,86.79
09/05/2023,86.01
09/04/2023,85.82
09/03/2023,85.85
09/01/2023,84.75
08/31/2023,82.96
08/30/2023,81.12
08/29/2023,80.68
08/28/2023,79.67
08/25/2023,79.49
08/24/2023,78.66
08/23/2023,78.59
08/22/2023,79.64
08/21/2023,80.12
08/18/2023,80.66
08/17/2023,79.90
08/16/2023,79.02
08/15/2023,80.50
08/14/2023,81.92
08/11/2023,82.57
08/10/2023,82.29
08/09/2023,83.69
08/08/2023,82.36
08/07/2023,81.49
08/04/2023,82.27
08/03/2023,81.08
08/02/2023,79.13
08/01/2023,80.92
07/31/2023,81.32
07/28/2023,80.18
07/27/2023,79.63
07/26/2023,78.40
07/25/2023,79.20
07/24/2023,78.40
07/21/2023,76.78
07/20/2023,75.65
07/19/2023,75.29
07/18/2023,75.66
07/17/2023,74.08
07/14/2023,75.32
07/13/2023,76.76
07/12/2023,75.54
07/11/2023,74.71
07/10/2023,72.95
07/07/2023,73.77
07/06/2023,71.79
07/05/2023,71.88
07/04/2023,71.06
07/03/2023,69.91
06/30/2023,70.78
06/29/2023,70.02
06/28/2023,69.73
06/27/2023,67.90
06/26/2023,69.54
06/23/2023,69.32
06/22/2023,69.63
06/21/2023,72.52
06/20/2023,71.19
06/19/2023,71.31
06/18/2023,71.47
06/16/2023,71.93
06/15/2023,70.81
06/14/2023,68.46
06/13/2023,69.58
06/12/2023,67.29
06/09/2023,70.33
06/08/2023,71.44
06/07/2023,72.64
06/06/2023,71.85
06/05/2023,72.26
06/02/2023,71.84
06/01/2023,70.20
05/31/2023,68.24
05/30/2023,69.60
05/29/2023,72.87
05/28/2023,73.22
05/26/2023,72.76
05/25/2023,71.93
05/24/2023,74.29
05/23/2023,72.85
05/22/2023,72.05
05/19/2023,71.69
05/18/2023,71.94
05/17/2023,72.89
05/16/2023,70.84
05/15/2023,71.09
05/12/2023,70.02
05/11/2023,70.88
05/10/2023,72.52
05/09/2023,73.62
05/08/2023,73.07
05/05/2023,71.27
05/04/2023,68.51
05/03/2023,68.55
05/02/2023,71.55
05/01/2023,75.51
04/28/2023,76.61
04/27/2023,74.58
04/26/2023,74.19
04/25/2023,76.87
04/24/2023,78.60
04/21/2023,77.71
04/20/2023,77.37
04/19/2023,79.24
04/18/2023,80.90
04/17/2023,80.83
04/14/2023,82.43
04/13/2023,82.04
04/12/2023,83.09
04/11/2023,81.49
04/10/2023,79.77
04/06/2023,80.68
04/05/2023,80.63
04/04/2023,80.72
04/03/2023,80.44
03/31/2023,75.80
03/30/2023,74.49
03/29/2023,73.12
03/28/2023,73.34
03/27/2023,72.93
03/24/2023,69.41
03/23/2023,70.12
03/22/2023,71.02
03/21/2023,69.67
03/20/2023,67.82
03/17/2023,66.93
03/16/2023,68.52
03/15/2023,67.74
03/14/2023,71.49
03/13/2023,74.91
03/10/2023,76.78
03/09/2023,75.84
03/08/2023,76.81
03/07/2023,77.72
03/06/2023,80.56
03/03/2023,79.79
03/02/2023,78.31
03/01/2023,77.83
02/28/2023,77.19
02/27/2023,75.81
02/24/2023,76.47
02/23/2023,75.60
02/22/2023,74.19
02/21/2023,76.36
02/20/2023,77.30
02/19/2023,76.67
02/17/2023,76.55
02/16/2023,78.74
02/15/2023,78.83
02/14/2023,79.24
02/13/2023,80.33
02/10/2023,79.92
02/09/2023,78.27
02/08/2023,78.69
02/07/2023,77.39
02/06/2023,74.47
02/03/2023,73.74
02/02/2023,76.20
02/01/2023,76.73
01/31/2023,79.17
01/30/2023,78.18
01/27/2023,79.96
01/26/2023,81.28
01/25/2023,80.44
01/24/2023,80.44
01/23/2023,81.93
01/20/2023,81.64
01/19/2023,80.61
01/18/2023,79.80
01/17/2023,80.45
01/16/2023,79.04
01/15/2023,79.78
01/13/2023,80.11
01/12/2023,78.65
01/11/2023,77.68
01/10/2023,75.37
01/09/2023,74.92
01/06/2023,74.04
01/05/2023,73.92
01/04/2023,73.10
01/03/2023,77.12
01/02/2023,80.47
12/30/2022,80.45
12/29/2022,78.50
12/28/2022,79.08
12/27/2022,79.64
12/26/2022,80.97
12/23/2022,79.64
12/22/2022,77.42
12/21/2022,78.24
12/20/2022,76.23
12/19/2022,75.38
12/16/2022,74.46
12/15/2022,76.15
12/14/2022,77.31
12/13/2022,75.44
12/12/2022,73.28
12/09/2022,71.21
12/08/2022,71.58
12/07/2022,72.28
12/06/2022,74.46
12/05/2022,77.08
12/02/2022,80.05
12/01/2022,81.14
11/30/2022,80.66
11/29/2022,78.28
11/28/2022,77.33
11/25/2022,76.43
11/24/2022,77.95
11/23/2022,78.07
11/22/2022,80.73
11/21/2022,80.04
11/18/2022,80.11
11/17/2022,81.40
11/16/2022,85.00
11/15/2022,86.25
11/14/2022,85.16
11/11/2022,88.16
11/10/2022,85.66
11/09/2022,85.00
11/08/2022,88.00
11/07/2022,90.73
11/04/2022,91.45
11/03/2022,87.18
11/02/2022,88.86
11/01/2022,87.19
10/31/2022,85.40
10/28/2022,86.61
10/27/2022,87.83
10/26/2022,86.68
10/25/2022,84.31
10/24/2022,83.59
10/21/2022,83.95
10/20/2022,84.51
10/19/2022,84.52
10/18/2022,82.07
10/17/2022,84.53
10/14/2022,84.65
10/13/2022,87.95
10/12/2022,86.06
10/11/2022,87.97
10/10/2022,89.84
10/07/2022,91.35
10/06/2022,87.59
10/05/2022,86.84
10/04/2022,85.50
10/03/2022,82.70
09/30/2022,78.72
09/29/2022,80.42
09/28/2022,81.24
09/27/2022,77.81
09/26/2022,76.18
09/23/2022,78.25
09/22/2022,83.03
09/21/2022,82.43
09/20/2022,83.94
09/19/2022,85.36
09/16/2022,84.76
09/15/2022,84.65
09/14/2022,88.05
09/13/2022,86.89
09/12/2022,87.41
09/09/2022,86.36
09/08/2022,83.07
09/07/2022,81.63
09/06/2022,86.51
09/05/2022,88.96
09/04/2022,88.25
09/02/2022,86.48
09/01/2022,86.22
08/31/2022,89.03
08/30/2022,91.17
08/29/2022,96.19
08/26/2022,92.39
08/25/2022,92.19
08/24/2022,94.40
08/23/2022,93.25
08/22/2022,90.36
08/19/2022,90.44
08/18/2022,90.11
08/17/2022,87.69
08/16/2022,86.16
08/15/2022,88.85
08/12/2022,91.46
08/11/2022,93.53
08/10/2022,91.20
08/09/2022,89.67
08/08/2022,89.93
08/05/2022,88.08
08/04/2022,87.56
08/03/2022,89.74
08/02/2022,93.22
08/01/2022,92.39
07/29/2022,96.75
07/28/2022,94.65
07/27/2022,95.29
07/26/2022,92.88
07/25/2022,94.42
07/22/2022,92.43
07/21/2022,93.78
07/20/2022,99.88
07/19/2022,100.74
07/18/2022,99.42
07/15/2022,94.57
07/14/2022,92.83
07/13/2022,93.83
07/12/2022,93.31
07/11/2022,101.21
07/08/2022,101.53
07/07/2022,99.25
07/06/2022,94.98
07/05/2022,96.52
07/04/2022,110.40
07/03/2022,108.19
07/01/2022,105.39
06/30/2022,103.10
06/29/2022,107.01
06/28/2022,108.89
06/27/2022,106.38
06/24/2022,104.45
06/23/2022,101.58
06/22/2022,103.99
06/21/2022,109.52
06/20/2022,108.84
06/19/2022,108.94
06/17/2022,107.99
06/16/2022,115.25
06/15/2022,113.09
06/14/2022,116.26
06/13/2022,118.25
06/10/2022,118.12
06/09/2022,119.09
06/08/2022,119.78
06/07/2022,117.10
06/06/2022,116.06
06/03/2022,116.23
06/02/2022,114.30
06/01/2022,112.72
05/31/2022,111.91
05/30/2022,117.61
05/29/2022,115.61
05/27/2022,112.23
05/26/2022,111.25
05/25/2022,107.75
05/24/2022,107.20
05/23/2022,107.54
05/20/2022,110.28
05/19/2022,109.89
05/18/2022,107.04
05/17/2022,109.63
05/16/2022,111.82
05/13/2022,108.63
05/12/2022,104.40
05/11/2022,104.03
05/10/2022,98.45
05/09/2022,101.77
05/06/2022,108.33
05/05/2022,106.74
05/04/2022,106.22
05/03/2022,100.90
05/02/2022,103.42
04/29/2022,102.94
04/28/2022,103.47
04/27/2022,100.68
04/26/2022,100.41
04/25/2022,97.67
04/22/2022,101.05
04/21/2022,102.96
04/20/2022,102.19
04/19/2022,102.05
04/18/2022,107.61
04/14/2022,106.38
04/13/2022,103.79
04/12/2022,100.15
04/11/2022,93.92
04/08/2022,97.73
04/07/2022,95.51
04/06/2022,95.41
04/05/2022,100.68
04/04/2022,101.84
04/01/2022,97.90
03/31/2022,98.52
03/30/2022,105.68
03/29/2022,102.05
03/28/2022,103.42
03/25/2022,111.06
03/24/2022,109.43
03/23/2022,111.99
03/22/2022,109.27
03/21/2022,109.97
03/18/2022,103.09
03/17/2022,101.65
03/16/2022,93.59
03/15/2022,94.79
03/14/2022,101.18
03/11/2022,106.30
03/10/2022,102.99
03/09/2022,105.05
03/08/2022,119.65
03/07/2022,115.80
03/04/2022,112.11
03/03/2022,104.61
03/02/2022,107.06
03/01/2022,100.21
02/28/2022,93.50
02/25/2022,89.89
02/24/2022,90.94
02/23/2022,90.69
02/22/2022,91.91
02/21/2022,92.65
02/20/2022,91.62
02/18/2022,90.21
02/17/2022,90.04
02/16/2022,91.83
02/15/2022,90.21
02/14/2022,93.50
02/11/2022,91.42
02/10/2022,88.56
02/09/2022,88.53
02/08/2022,87.90
02/07/2022,89.77
02/04/2022,90.33
02/03/2022,88.45
02/02/2022,86.69
02/01/2022,86.46
01/31/2022,86.49
01/28/2022,85.43
01/27/2022,85.29
01/26/2022,85.96
01/25/2022,84.37
01/24/2022,82.41
01/21/2022,84.14
01/20/2022,85.55
01/19/2022,85.80
01/18/2022,84.83
01/17/2022,83.69
01/16/2022,83.83
01/14/2022,83.30
01/13/2022,81.62
01/12/2022,82.02
01/11/2022,80.67
01/10/2022,77.70
01/07/2022,78.44
01/06/2022,78.88
01/05/2022,77.47
01/04/2022,76.74
01/03/2022,75.85
12/31/2021,74.88
12/30/2021,76.61
12/29/2021,76.18
12/28/2021,75.60
12/27/2021,75.18
12/23/2021,73.42
12/22/2021,72.33
12/21/2021,70.82
12/20/2021,68.61
12/17/2021,70.72
12/16/2021,72.15
12/15/2021,70.66
12/14/2021,70.52
12/13/2021,71.06
12/10/2021,71.48
12/09/2021,70.79
12/08/2021,72.18
12/07/2021,71.84
12/06/2021,69.30
12/03/2021,66.10
12/02/2021,66.27
12/01/2021,65.37
11/30/2021,65.85
11/29/2021,69.62
11/26/2021,67.84
11/25/2021,77.41
11/24/2021,77.81
11/23/2021,77.94
11/22/2021,76.12
11/19/2021,75.94
11/18/2021,78.41
11/17/2021,77.55
11/16/2021,79.74
11/15/2021,79.75
11/12/2021,79.69
11/11/2021,80.42
11/10/2021,80.06
11/09/2021,82.56
11/08/2021,80.74
11/05/2021,80.13
11/04/2021,77.70
11/03/2021,79.57
11/02/2021,82.44
11/01/2021,82.45
10/29/2021,81.78
10/28/2021,81.46
10/27/2021,81.48
10/26/2021,83.36
10/25/2021,82.61
10/22/2021,82.50
10/21/2021,81.36
10/20/2021,83.42
10/19/2021,82.44
10/18/2021,81.69
10/15/2021,81.73
10/14/2021,80.77
10/13/2021,79.82
10/12/2021,79.92
10/11/2021,79.92
10/08/2021,78.76
10/07/2021,77.96
10/06/2021,77.06
10/05/2021,78.57
10/04/2021,77.33
10/01/2021,75.58
09/30/2021,74.70
09/29/2021,74.50
09/28/2021,74.90
09/27/2021,75.08
09/24/2021,73.61
09/23/2021,72.95
09/22/2021,71.89
09/21/2021,70.49
09/20/2021,70.14
09/17/2021,71.82
09/16/2021,72.37
09/15/2021,72.33
09/14/2021,70.23
09/13/2021,70.19
09/10/2021,69.47
09/09/2021,67.92
09/08/2021,69.05
09/07/2021,68.13
09/06/2021,68.80
09/05/2021,68.75
09/03/2021,69.07
09/02/2021,69.73
09/01/2021,68.32
08/31/2021,68.26
08/30/2021,68.93
08/27/2021,68.48
08/26/2021,67.10
08/25/2021,68.06
08/24/2021,67.25
08/23/2021,65.34
08/20/2021,62.14
08/19/2021,63.50
08/18/2021,65.21
08/17/2021,66.34
08/16/2021,67.05
08/13/2021,68.21
08/12/2021,68.90
08/11/2021,69.02
08/10/2021,68.06
08/09/2021,66.30
08/06/2021,68.10
08/05/2021,68.74
08/04/2021,67.79
08/03/2021,70.03
08/02/2021,70.61
07/30/2021,73.23
07/29/2021,72.98
07/28/2021,71.79
07/27/2021,71.14
07/26/2021,71.34
07/23/2021,71.38
07/22/2021,71.14
07/21/2021,69.57
07/20/2021,67.20
07/19/2021,66.35
07/16/2021,71.56
07/15/2021,71.38
07/14/2021,72.64
07/13/2021,74.69
07/12/2021,73.44
07/09/2021,73.81
07/08/2021,72.22
07/07/2021,71.50
07/06/2021,72.58
07/05/2021,76.25
07/04/2021,75.14
07/02/2021,74.36
07/01/2021,74.33
06/30/2021,72.77
06/29/2021,72.31
06/28/2021,72.20
06/25/2021,73.33
06/24/2021,72.63
06/23/2021,72.36
06/22/2021,72.85
06/21/2021,73.12
06/18/2021,71.29
06/17/2021,70.78
06/16/2021,71.95
06/15/2021,71.86
06/14/2021,70.63
06/11/2021,70.60
06/10/2021,70.09
06/09/2021,69.79
06/08/2021,69.87
06/07/2021,69.04
06/04/2021,69.39
06/03/2021,68.60
06/02/2021,68.63
06/01/2021,67.52
05/31/2021,66.96
05/30/2021,66.59
05/28/2021,66.10
05/27/2021,66.60
05/26/2021,65.96
05/25/2021,65.79
05/24/2021,65.78
05/21/2021,63.36
05/20/2021,61.94
05/19/2021,63.35
05/18/2021,65.50
05/17/2021,66.28
05/14/2021,65.36
05/13/2021,63.84
05/12/2021,66.10
05/11/2021,65.30
05/10/2021,64.93
05/07/2021,64.88
05/06/2021,64.67
05/05/2021,65.59
05/04/2021,65.61
05/03/2021,64.41
04/30/2021,63.48
04/29/2021,64.88
04/28/2021,63.75
04/27/2021,62.80
04/26/2021,61.80
04/23/2021,62.02
04/22/2021,61.34
04/21/2021,61.27
04/20/2021,62.67
04/19/2021,63.43
04/16/2021,63.19
04/15/2021,63.51
04/14/2021,63.22
04/13/2021,60.24
04/12/2021,59.75
04/09/2021,59.35
04/08/2021,59.63
04/07/2021,59.81
04/06/2021,59.37
04/05/2021,58.68
04/01/2021,61.48
03/31/2021,59.18
03/30/2021,60.56
03/29/2021,61.53
03/26/2021,60.96
03/25/2021,58.57
03/24/2021,61.16
03/23/2021,57.78
03/22/2021,61.56
03/19/2021,61.44
03/18/2021,60.06
03/17/2021,64.63
03/16/2021,64.86
03/15/2021,65.44
03/12/2021,65.64
03/11/2021,66.00
03/10/2021,64.42
03/09/2021,63.99
03/08/2021,64.93
03/05/2021,65.92
03/04/2021,63.62
03/03/2021,61.10
03/02/2021,59.57
03/01/2021,60.42
02/26/2021,61.23
02/25/2021,63.22
02/24/2021,63.00
02/23/2021,61.43
02/22/2021,61.70
02/19/2021,59.26
02/18/2021,60.53
02/17/2021,61.16
02/16/2021,60.08
02/15/2021,60.09
02/14/2021,60.37
02/12/2021,59.38
02/11/2021,58.14
02/10/2021,58.57
02/09/2021,58.25
02/08/2021,57.83
02/05/2021,56.70
02/04/2021,56.07
02/03/2021,55.54
02/02/2021,54.62
02/01/2021,53.42
01/29/2021,52.08
01/28/2021,52.24
01/27/2021,52.73
01/26/2021,52.52
01/25/2021,52.67
01/22/2021,52.19
01/21/2021,53.05
01/20/2021,53.31
01/19/2021,52.98
01/18/2021,52.36
01/17/2021,52.20
01/15/2021,52.42
01/14/2021,53.62
01/13/2021,52.96
01/12/2021,53.24
01/11/2021,52.27
01/08/2021,52.26
01/07/2021,50.87
01/06/2021,50.69
01/05/2021,50.01
01/04/2021,47.76
12/31/2020,48.63
12/30/2020,48.50
12/29/2020,48.14
12/28/2020,47.77
12/24/2020,48.35
12/23/2020,48.24
12/22/2020,47.16
12/21/2020,47.97
12/18/2020,49.24
12/17/2020,48.54
12/16/2020,48.00
12/15/2020,47.78
12/14/2020,47.15
12/11/2020,46.75
12/10/2020,46.96
12/09/2020,45.72
12/08/2020,45.80
12/07/2020,45.95
12/04/2020,46.42
12/03/2020,45.79
12/02/2020,45.44
12/01/2020,44.73
11/30/2020,45.51
11/27/2020,45.74
11/26/2020,44.98
11/25/2020,45.91
11/24/2020,45.11
11/23/2020,43.28
11/20/2020,42.42
11/19/2020,41.90
11/18/2020,42.01
11/17/2020,41.65
11/16/2020,41.57
11/13/2020,40.40
11/12/2020,41.41
11/11/2020,41.74
11/10/2020,41.67
11/09/2020,40.62
11/06/2020,37.49
11/05/2020,39.11
11/04/2020,39.47
11/03/2020,37.99
11/02/2020,37.18
10/30/2020,36.15
10/29/2020,36.51
10/28/2020,37.72
10/27/2020,39.87
10/26/2020,38.89
10/23/2020,40.15
10/22/2020,40.94
10/21/2020,40.31
10/20/2020,41.70
10/19/2020,41.06
10/16/2020,41.12
10/15/2020,41.24
10/14/2020,41.34
10/13/2020,40.49
10/12/2020,39.73
10/09/2020,40.91
10/08/2020,41.47
10/07/2020,40.23
10/06/2020,40.93
10/05/2020,39.50
10/02/2020,37.34
10/01/2020,39.01
09/30/2020,40.47
09/29/2020,39.56
09/28/2020,40.87
09/25/2020,40.51
09/24/2020,40.58
09/23/2020,40.22
09/22/2020,39.80
09/21/2020,39.54
09/18/2020,41.32
09/17/2020,41.22
09/16/2020,40.41
09/15/2020,38.55
09/14/2020,37.56
09/11/2020,37.65
09/10/2020,37.66
09/09/2020,38.41
09/08/2020,37.19
09/07/2020,39.20
09/06/2020,38.75
09/04/2020,40.15
09/03/2020,41.72
09/02/2020,41.85
09/01/2020,43.08
08/31/2020,42.90
08/28/2020,43.29
08/27/2020,43.31
08/26/2020,43.69
08/25/2020,43.65
08/24/2020,42.93
08/21/2020,42.62
08/20/2020,42.82
08/19/2020,43.11
08/18/2020,43.12
08/17/2020,43.17
08/14/2020,42.31
08/13/2020,42.52
08/12/2020,42.95
08/11/2020,41.87
08/10/2020,42.17
08/07/2020,41.49
08/06/2020,42.20
08/05/2020,42.43
08/04/2020,41.91
08/03/2020,41.31
07/31/2020,40.57
07/30/2020,40.24
07/29/2020,41.54
07/28/2020,41.28
07/27/2020,41.80
07/24/2020,41.45
07/23/2020,41.21
07/22/2020,42.04
07/21/2020,41.92
07/20/2020,40.92
07/17/2020,40.75
07/16/2020,40.93
07/15/2020,41.40
07/14/2020,40.55
07/13/2020,40.32
07/10/2020,40.76
07/09/2020,39.83
07/08/2020,41.04
07/07/2020,40.70
07/06/2020,40.73
07/03/2020,40.28
07/02/2020,40.76
07/01/2020,39.92
06/30/2020,39.34
06/29/2020,39.81
06/26/2020,38.65
06/25/2020,38.91
06/24/2020,38.21
06/23/2020,40.51
06/22/2020,40.73
06/19/2020,39.83
06/18/2020,39.05
06/17/2020,38.21
06/16/2020,38.65
06/15/2020,37.43
06/12/2020,36.51
06/11/2020,36.57
06/10/2020,39.78
06/09/2020,39.16
06/08/2020,38.43
06/05/2020,39.80
06/04/2020,37.72
06/03/2020,37.59
06/02/2020,37.06
06/01/2020,35.79
05/29/2020,35.84
05/28/2020,34.06
05/27/2020,33.23
05/26/2020,34.77
05/25/2020,33.92
05/24/2020,32.90
05/22/2020,33.65
05/21/2020,34.34
05/20/2020,33.94
05/19/2020,31.96
05/18/2020,31.65
05/15/2020,29.52
05/14/2020,27.88
05/13/2020,25.68
05/12/2020,26.33
05/11/2020,25.08
05/08/2020,26.17
05/07/2020,24.83
05/06/2020,25.62
05/05/2020,26.49
05/04/2020,22.78
05/01/2020,22.29
04/30/2020,21.85
04/29/2020,19.12
04/28/2020,17.60
04/27/2020,18.08
04/24/2020,21.22
04/23/2020,21.44
04/22/2020,20.69
04/21/2020,11.57
04/20/2020,20.43
04/17/2020,25.03
04/16/2020,25.53
04/15/2020,26.04
04/14/2020,27.40
04/13/2020,29.26
04/09/2020,28.82
04/08/2020,30.17
04/07/2020,28.69
04/06/2020,29.98
04/03/2020,30.90
04/02/2020,28.05
04/01/2020,23.74
03/31/2020,24.51
03/30/2020,24.09
03/27/2020,25.15
03/26/2020,25.71
03/25/2020,27.16
03/24/2020,26.20
03/23/2020,25.48
03/20/2020,22.63
03/19/2020,25.91
03/18/2020,20.83
03/17/2020,27.33
03/16/2020,29.00
03/13/2020,32.11
03/12/2020,31.98
03/11/2020,33.39
03/10/2020,34.73
03/09/2020,31.47
03/06/2020,41.51
03/05/2020,46.06
03/04/2020,46.95
03/03/2020,47.33
03/02/2020,46.92
02/28/2020,44.94
02/27/2020,47.29
02/26/2020,48.88
02/25/2020,50.06
02/24/2020,51.58
02/21/2020,53.50
02/20/2020,53.88
02/19/2020,53.49
02/18/2020,52.29
02/17/2020,52.20
02/16/2020,52.36
02/14/2020,52.32
02/13/2020,51.66
02/12/2020,51.41
02/11/2020,50.17
02/10/2020,49.78
02/07/2020,50.55
02/06/2020,51.14
02/05/2020,50.92
02/04/2020,49.80
02/03/2020,50.28
01/31/2020,51.68
01/30/2020,52.23
01/29/2020,53.41
01/28/2020,53.52
01/27/2020,53.18
01/24/2020,54.20
01/23/2020,55.61
01/22/2020,56.76
01/21/2020,58.38
01/20/2020,58.73
01/19/2020,59.27
01/17/2020,58.58
01/16/2020,58.53
01/15/2020,57.84
01/14/2020,58.26
01/13/2020,58.08
01/10/2020,58.99
01/09/2020,59.44
01/08/2020,59.46
01/07/2020,62.51
01/06/2020,63.04
01/03/2020,62.82
01/02/2020,60.95
01/01/2020,61.33
12/31/2019,60.77
12/30/2019,61.44
12/27/2019,61.53
12/26/2019,61.48
12/25/2019,61.19
12/24/2019,60.94
12/23/2019,60.35
12/20/2019,60.25
12/19/2019,61.18
12/18/2019,60.85
12/17/2019,60.87
12/16/2019,60.14
12/13/2019,59.98
12/12/2019,59.06
12/11/2019,58.65
12/10/2019,59.14
12/09/2019,58.92
12/06/2019,59.10
12/05/2019,58.34
12/04/2019,58.34
12/03/2019,56.03
12/02/2019,55.91
11/29/2019,55.14
11/28/2019,58.08
11/27/2019,58.05
11/26/2019,58.32
11/25/2019,57.91
11/22/2019,57.66
11/21/2019,58.41
11/20/2019,57.01
11/19/2019,55.35
11/18/2019,57.14
11/15/2019,57.83
11/14/2019,56.88
11/13/2019,57.20
11/12/2019,56.85
11/11/2019,56.90
11/08/2019,57.26
11/07/2019,57.15
11/06/2019,56.38
11/05/2019,57.29
11/04/2019,56.60
11/01/2019,56.27
10/31/2019,54.25
10/30/2019,55.10
10/29/2019,55.68
10/28/2019,55.90
10/25/2019,56.71
10/24/2019,56.27
10/23/2019,55.99
10/22/2019,54.48
10/21/2019,53.51
10/18/2019,53.87
10/17/2019,54.03
10/16/2019,53.45
10/15/2019,52.88
10/14/2019,53.65
10/11/2019,54.78
10/10/2019,53.56
10/09/2019,52.61
10/08/2019,52.62
10/07/2019,52.71
10/04/2019,52.74
10/03/2019,52.36
10/02/2019,52.51
10/01/2019,53.50
09/30/2019,53.98
09/27/2019,55.79
09/26/2019,56.28
09/25/2019,56.32
09/24/2019,57.08
09/23/2019,58.42
09/20/2019,58.09
09/19/2019,58.19
09/18/2019,58.04
09/17/2019,59.10
09/16/2019,62.67
09/13/2019,54.80
09/12/2019,55.05
09/11/2019,55.67
09/10/2019,57.29
09/09/2019,57.73
09/06/2019,56.43
09/05/2019,56.16
09/04/2019,56.10
09/03/2019,53.76
09/02/2019,54.66
09/01/2019,54.80
08/30/2019,54.89
08/29/2019,56.45
08/28/2019,55.60
08/27/2019,54.77
08/26/2019,53.50
08/23/2019,54.02
08/22/2019,55.16
08/21/2019,55.49
08/20/2019,56.13
08/19/2019,56.14
08/16/2019,54.81
08/15/2019,54.42
08/14/2019,55.25
08/13/2019,57.10
08/12/2019,54.85
08/09/2019,54.37
08/08/2019,52.46
08/07/2019,51.03
08/06/2019,53.59
08/05/2019,54.58
08/02/2019,55.67
08/01/2019,54.01
07/31/2019,58.63
07/30/2019,58.11
07/29/2019,56.96
07/26/2019,56.33
07/25/2019,56.16
07/24/2019,56.00
07/23/2019,56.85
07/22/2019,56.22
07/19/2019,55.76
07/18/2019,55.42
07/17/2019,56.92
07/16/2019,57.74
07/15/2019,59.68
07/12/2019,60.30
07/11/2019,60.28
07/10/2019,60.52
07/09/2019,57.94
07/08/2019,57.76
07/05/2019,57.59
07/04/2019,56.80
07/03/2019,57.44
07/02/2019,56.34
07/01/2019,59.14
06/28/2019,58.52
06/27/2019,59.49
06/26/2019,59.43
06/25/2019,57.89
06/24/2019,57.93
06/21/2019,57.50
06/20/2019,57.07
06/19/2019,53.97
06/18/2019,54.11
06/17/2019,52.17
06/14/2019,52.77
06/13/2019,52.54
06/12/2019,51.37
06/11/2019,53.52
06/10/2019,53.48
06/07/2019,54.16
06/06/2019,52.73
06/05/2019,51.83
06/04/2019,53.63
06/03/2019,53.38
05/31/2019,53.64
05/30/2019,56.74
05/29/2019,58.95
05/28/2019,59.35
05/27/2019,59.16
05/26/2019,58.77
05/24/2019,58.71
05/23/2019,57.99
05/22/2019,61.50
05/21/2019,63.13
05/20/2019,63.21
05/17/2019,62.92
05/16/2019,63.06
05/15/2019,62.24
05/14/2019,61.96
05/13/2019,61.21
05/10/2019,61.80
05/09/2019,61.81
05/08/2019,62.22
05/07/2019,61.51
05/06/2019,62.37
05/03/2019,62.04
05/02/2019,61.90
05/01/2019,63.69
04/30/2019,63.98
04/29/2019,63.57
04/26/2019,63.38
04/25/2019,65.28
04/24/2019,65.89
04/23/2019,66.24
04/22/2019,65.55
04/18/2019,64.07
04/17/2019,63.87
04/16/2019,64.19
04/15/2019,63.56
04/12/2019,64.02
04/11/2019,63.67
04/10/2019,64.65
04/09/2019,63.96
04/08/2019,64.33
04/05/2019,63.15
04/04/2019,62.19
04/03/2019,62.52
04/02/2019,62.61
04/01/2019,61.71
03/29/2019,60.28
03/28/2019,59.48
03/27/2019,59.61
03/26/2019,60.10
03/25/2019,59.08
03/22/2019,59.29
03/21/2019,60.20
03/20/2019,60.23
03/19/2019,59.29
03/18/2019,59.38
03/15/2019,58.82
03/14/2019,58.91
03/13/2019,58.59
03/12/2019,57.20
03/11/2019,57.12
03/08/2019,56.43
03/07/2019,57.03
03/06/2019,56.62
03/05/2019,56.94
03/04/2019,56.97
03/01/2019,56.19
02/28/2019,57.61
02/27/2019,57.37
02/26/2019,55.97
02/25/2019,55.92
02/22/2019,57.75
02/21/2019,57.46
02/20/2019,57.16
02/19/2019,56.45
02/18/2019,56.27
02/17/2019,56.33
02/15/2019,55.98
02/14/2019,54.79
02/13/2019,54.31
02/12/2019,53.47
02/11/2019,52.78
02/08/2019,53.09
02/07/2019,53.00
02/06/2019,54.34
02/05/2019,54.00
02/04/2019,54.89
02/01/2019,55.55
01/31/2019,54.04
01/30/2019,54.47
01/29/2019,53.60
01/28/2019,52.29
01/25/2019,53.98
01/24/2019,53.42
01/23/2019,52.92
01/22/2019,53.01
01/21/2019,54.24
01/20/2019,53.65
01/18/2019,54.04
01/17/2019,52.36
01/16/2019,52.61
01/15/2019,52.39
01/14/2019,50.80
01/11/2019,51.91
01/10/2019,52.91
01/09/2019,52.69
01/08/2019,50.11
01/07/2019,48.82
01/04/2019,48.28
01/03/2019,47.40
01/02/2019,46.86
01/01/2019,45.89
12/31/2018,45.72
12/28/2018,45.60
12/27/2018,44.90
12/26/2018,46.54
12/25/2018,43.16
12/24/2018,42.82
12/21/2018,45.89
12/20/2018,46.19
12/19/2018,48.17
12/18/2018,46.60
12/17/2018,50.20
12/14/2018,51.47
12/13/2018,52.83
12/12/2018,51.36
12/11/2018,51.84
12/10/2018,51.20
12/07/2018,52.81
12/06/2018,51.70
12/05/2018,53.12
12/04/2018,53.46
12/03/2018,53.14
11/30/2018,51.09
11/29/2018,51.62
11/28/2018,50.49
11/27/2018,51.73
11/26/2018,51.80
11/23/2018,50.59
11/22/2018,54.02
11/21/2018,54.80
11/20/2018,53.57
11/19/2018,57.20
11/16/2018,56.68
11/15/2018,56.68
11/14/2018,56.44
11/13/2018,55.84
11/12/2018,60.08
11/09/2018,60.36
11/08/2018,60.86
11/07/2018,61.82
11/06/2018,62.34
11/05/2018,63.21
11/02/2018,63.28
11/01/2018,63.81
10/31/2018,65.44
10/30/2018,66.31
10/29/2018,67.21
10/26/2018,67.75
10/25/2018,67.44
10/24/2018,66.96
10/23/2018,66.62
10/22/2018,69.36
10/19/2018,69.28
10/18/2018,68.71
10/17/2018,69.70
10/16/2018,71.76
10/15/2018,71.61
10/12/2018,71.18
10/11/2018,70.81
10/10/2018,73.03
10/09/2018,74.81
10/08/2018,74.17
10/05/2018,74.26
10/04/2018,74.25
10/03/2018,76.24
10/02/2018,75.04
10/01/2018,75.14
09/28/2018,73.06
09/27/2018,71.96
09/26/2018,71.41
09/25/2018,72.10
09/24/2018,71.76
09/21/2018,70.37
09/20/2018,70.32
09/19/2018,70.77
09/18/2018,69.59
09/17/2018,68.68
09/14/2018,68.77
09/13/2018,68.41
09/12/2018,70.16
09/11/2018,69.04
09/10/2018,67.41
09/07/2018,67.55
09/06/2018,67.52
09/05/2018,68.42
09/04/2018,69.56
09/03/2018,70.12
09/02/2018,69.92
08/31/2018,69.37
08/30/2018,69.81
08/29/2018,69.17
08/28/2018,68.22
08/27/2018,68.54
08/24/2018,68.36
08/23/2018,67.53
08/22/2018,67.51
08/21/2018,65.84
08/20/2018,65.42
08/17/2018,65.21
08/16/2018,64.88
08/15/2018,64.46
08/14/2018,66.33
08/13/2018,66.57
08/10/2018,66.94
08/09/2018,66.14
08/08/2018,66.25
08/07/2018,68.33
08/06/2018,67.94
08/03/2018,67.35
08/02/2018,67.66
08/01/2018,66.50
07/31/2018,67.63
07/30/2018,68.95
07/27/2018,67.73
07/26/2018,68.43
07/25/2018,68.01
07/24/2018,67.19
07/23/2018,66.75
07/20/2018,68.26
07/19/2018,68.24
07/18/2018,67.75
07/17/2018,67.16
07/16/2018,67.07
07/13/2018,69.95
07/12/2018,69.35
07/11/2018,68.86
07/10/2018,72.56
07/09/2018,71.98
07/06/2018,71.57
07/05/2018,70.63
07/04/2018,74.13
07/03/2018,71.59
07/02/2018,71.62
06/29/2018,72.46
06/28/2018,71.81
06/27/2018,71.26
06/26/2018,69.28
06/25/2018,67.04
06/22/2018,67.63
06/21/2018,64.86
06/20/2018,65.71
06/19/2018,64.90
06/18/2018,65.69
06/15/2018,64.85
06/14/2018,66.69
06/13/2018,66.52
06/12/2018,66.28
06/11/2018,66.03
06/08/2018,65.67
06/07/2018,65.89
06/06/2018,64.70
06/05/2018,65.46
06/04/2018,64.68
06/01/2018,65.77
05/31/2018,66.91
05/30/2018,68.08
05/29/2018,66.62
05/28/2018,67.05
05/27/2018,67.36
05/25/2018,67.78
05/24/2018,70.58
05/23/2018,71.71
05/22/2018,72.20
05/21/2018,72.35
05/18/2018,71.37
05/17/2018,71.57
05/16/2018,71.56
05/15/2018,71.37
05/14/2018,70.99
05/11/2018,70.68
05/10/2018,71.31
05/09/2018,71.05
05/08/2018,68.97
05/07/2018,70.62
05/04/2018,69.58
05/03/2018,68.26
05/02/2018,67.77
05/01/2018,67.13
04/30/2018,68.48
04/27/2018,67.98
04/26/2018,68.08
04/25/2018,67.92
04/24/2018,67.57
04/23/2018,68.47
04/20/2018,68.40
04/19/2018,68.33
04/18/2018,68.47
04/17/2018,66.51
04/16/2018,66.20
04/13/2018,67.33
04/12/2018,66.95
04/11/2018,66.74
04/10/2018,65.44
04/09/2018,63.43
04/06/2018,62.10
04/05/2018,63.54
04/04/2018,63.33
04/03/2018,63.46
04/02/2018,62.99
03/29/2018,64.87
03/28/2018,64.35
03/27/2018,65.18
03/26/2018,65.41
03/23/2018,65.71
03/22/2018,64.18
03/21/2018,64.95
03/20/2018,63.54
03/19/2018,62.13
03/16/2018,62.41
03/15/2018,61.25
03/14/2018,61.02
03/13/2018,60.75
03/12/2018,61.33
03/09/2018,61.92
03/08/2018,60.06
03/07/2018,61.02
03/06/2018,62.45
03/05/2018,62.39
03/02/2018,61.09
03/01/2018,60.80
02/28/2018,61.47
02/27/2018,62.90
02/26/2018,63.77
02/23/2018,63.41
02/22/2018,62.60
02/21/2018,61.52
02/20/2018,61.79
02/19/2018,62.38
02/18/2018,61.72
02/16/2018,61.55
02/15/2018,61.17
02/14/2018,60.51
02/13/2018,59.03
02/12/2018,59.08
02/09/2018,58.99
02/08/2018,60.94
02/07/2018,61.55
02/06/2018,63.11
02/05/2018,63.83
02/02/2018,65.07
02/01/2018,65.55
01/31/2018,64.56
01/30/2018,64.35
01/29/2018,65.39
01/26/2018,65.97
01/25/2018,65.37
01/24/2018,65.36
01/23/2018,64.31
01/22/2018,63.57
01/19/2018,63.31
01/18/2018,63.89
01/17/2018,63.92
01/16/2018,63.67
01/15/2018,64.73
01/14/2018,64.28
01/12/2018,64.23
01/11/2018,63.68
01/10/2018,63.42
01/09/2018,62.87
01/08/2018,61.72
01/05/2018,61.41
01/04/2018,61.90
01/03/2018,61.55
01/02/2018,60.38
01/01/2018,60.24
12/29/2017,60.44
12/28/2017,59.87
12/27/2017,59.69
12/26/2017,60.00
12/25/2017,58.59
12/22/2017,58.54
12/21/2017,58.40
12/20/2017,58.13
12/19/2017,57.56
12/18/2017,57.22
12/15/2017,57.33
12/14/2017,57.08
12/13/2017,56.59
12/12/2017,57.16
12/11/2017,58.05
12/08/2017,57.44
12/07/2017,56.75
12/06/2017,56.03
12/05/2017,57.67
12/04/2017,57.49
12/01/2017,58.38
11/30/2017,57.45
11/29/2017,57.36
11/28/2017,58.05
11/27/2017,58.16
11/24/2017,58.91
11/23/2017,58.38
11/22/2017,58.02
11/21/2017,56.92
11/20/2017,56.42
11/17/2017,56.71
11/16/2017,55.35
11/15/2017,55.52
11/14/2017,55.89
11/13/2017,56.97
11/10/2017,56.98
11/09/2017,57.39
11/08/2017,57.05
11/07/2017,57.43
11/06/2017,57.57
11/03/2017,55.86
11/02/2017,54.77
11/01/2017,54.51
10/31/2017,54.59
10/30/2017,54.37
10/27/2017,54.09
10/26/2017,52.86
10/25/2017,52.43
10/24/2017,52.67
10/23/2017,52.08
10/20/2017,51.84
10/19/2017,51.51
10/18/2017,52.26
10/17/2017,52.11
10/16/2017,52.14
10/13/2017,51.73
10/12/2017,50.93
10/11/2017,51.60
10/10/2017,51.23
10/09/2017,49.93
10/06/2017,49.65
10/05/2017,51.15
10/04/2017,50.32
10/03/2017,50.74
10/02/2017,50.90
09/29/2017,51.95
09/28/2017,51.87
09/27/2017,52.43
09/26/2017,51.88
09/25/2017,52.22
09/22/2017,50.66
09/21/2017,50.55
09/20/2017,50.41
09/19/2017,49.48
09/18/2017,49.91
09/15/2017,49.89
09/14/2017,49.89
09/13/2017,49.30
09/12/2017,48.23
09/11/2017,48.07
09/08/2017,47.48
09/07/2017,49.09
09/06/2017,49.16
09/05/2017,48.66
09/04/2017,47.41
09/03/2017,47.32
09/01/2017,47.29
08/31/2017,47.23
08/30/2017,45.96
08/29/2017,46.44
08/28/2017,46.57
08/25/2017,47.87
08/24/2017,47.43
08/23/2017,48.41
08/22/2017,47.64
08/21/2017,47.37
08/18/2017,48.51
08/17/2017,47.09
08/16/2017,46.78
08/15/2017,47.55
08/14/2017,47.59
08/11/2017,48.82
08/10/2017,48.59
08/09/2017,49.56
08/08/2017,49.17
08/07/2017,49.57
08/04/2017,49.73
08/03/2017,49.19
08/02/2017,49.73
08/01/2017,49.29
07/31/2017,50.26
07/28/2017,49.81
07/27/2017,49.17
07/26/2017,48.85
07/25/2017,48.02
07/24/2017,46.51
07/21/2017,45.95
07/20/2017,46.92
07/19/2017,47.32
07/18/2017,46.59
07/17/2017,46.23
07/14/2017,46.75
07/13/2017,46.25
07/12/2017,45.66
07/11/2017,45.23
07/10/2017,44.60
07/07/2017,44.39
07/06/2017,45.70
07/05/2017,45.34
07/04/2017,47.13
07/03/2017,47.29
06/30/2017,46.29
06/29/2017,45.20
06/28/2017,44.99
06/27/2017,44.49
06/26/2017,43.61
06/23/2017,43.27
06/22/2017,42.97
06/21/2017,42.75
06/20/2017,43.51
06/19/2017,44.43
06/16/2017,44.97
06/15/2017,44.68
06/14/2017,44.93
06/13/2017,46.67
06/12/2017,46.08
06/09/2017,45.83
06/08/2017,45.64
06/07/2017,45.72
06/06/2017,48.19
06/05/2017,47.40
06/02/2017,47.87
06/01/2017,48.60
05/31/2017,48.56
05/30/2017,49.91
05/29/2017,49.97
05/28/2017,49.94
05/26/2017,50.05
05/25/2017,49.14
05/24/2017,51.59
05/23/2017,51.72
05/22/2017,51.13
05/19/2017,50.67
05/18/2017,49.66
05/17/2017,49.41
05/16/2017,49.00
05/15/2017,49.16
05/12/2017,48.17
05/11/2017,48.20
05/10/2017,47.70
05/09/2017,46.27
05/08/2017,46.84
05/05/2017,46.60
05/04/2017,45.90
05/03/2017,48.18
05/02/2017,47.99
05/01/2017,49.16
04/28/2017,49.62
04/27/2017,49.31
04/26/2017,49.96
04/25/2017,49.56
04/24/2017,49.23
04/21/2017,49.62
04/20/2017,50.27
04/19/2017,50.44
04/18/2017,52.41
04/17/2017,52.65
04/13/2017,53.18
04/12/2017,53.11
04/11/2017,53.40
04/10/2017,53.08
04/07/2017,52.24
04/06/2017,51.70
04/05/2017,51.15
04/04/2017,51.03
04/03/2017,50.24
03/31/2017,50.60
03/30/2017,50.35
03/29/2017,49.51
03/28/2017,48.37
03/27/2017,47.73
03/24/2017,47.97
03/23/2017,47.70
03/22/2017,48.04
03/21/2017,47.34
03/20/2017,48.22
03/17/2017,48.78
03/16/2017,48.75
03/15/2017,48.86
03/14/2017,47.72
03/13/2017,48.40
03/10/2017,48.49
03/09/2017,49.28
03/08/2017,50.28
03/07/2017,53.14
03/06/2017,53.20
03/03/2017,53.33
03/02/2017,52.61
03/01/2017,53.83
02/28/2017,54.01
02/27/2017,54.05
02/24/2017,53.99
02/23/2017,54.45
02/22/2017,53.59
02/21/2017,54.06
02/20/2017,53.97
02/19/2017,53.79
02/17/2017,53.40
02/16/2017,53.36
02/15/2017,53.11
02/14/2017,53.20
02/13/2017,52.93
02/10/2017,53.86
02/09/2017,53.00
02/08/2017,52.34
02/07/2017,52.17
02/06/2017,53.01
02/03/2017,53.83
02/02/2017,53.54
02/01/2017,53.88
01/31/2017,52.81
01/30/2017,52.63
01/27/2017,53.17
01/26/2017,53.78
01/25/2017,52.75
01/24/2017,53.18
01/23/2017,52.75
01/20/2017,52.42
01/19/2017,51.37
01/18/2017,51.08
01/17/2017,52.48
01/16/2017,52.52
01/15/2017,52.45
01/13/2017,52.37
01/12/2017,53.01
01/11/2017,52.25
01/10/2017,50.82
01/09/2017,51.96
01/06/2017,53.99
01/05/2017,53.76
01/04/2017,53.26
01/03/2017,52.33
01/02/2017,54.03
12/30/2016,53.72
12/29/2016,53.77
12/28/2016,54.06
12/27/2016,53.90
12/26/2016,53.19
12/23/2016,53.02
12/22/2016,52.95
12/21/2016,52.49
12/20/2016,52.23
12/19/2016,52.12
12/16/2016,51.90
12/15/2016,50.90
12/14/2016,51.04
12/13/2016,52.98
12/12/2016,52.83
12/09/2016,51.50
12/08/2016,50.84
12/07/2016,49.77
12/06/2016,50.93
12/05/2016,51.79
12/02/2016,51.68
12/01/2016,51.06
11/30/2016,49.44
11/29/2016,45.23
11/28/2016,47.08
11/25/2016,46.06
11/24/2016,47.98
11/23/2016,47.96
11/22/2016,48.03
11/21/2016,47.49
11/18/2016,45.69
11/17/2016,45.42
11/16/2016,45.57
11/15/2016,45.81
11/14/2016,43.32
11/11/2016,43.41
11/10/2016,44.66
11/09/2016,45.27
11/08/2016,44.98
11/07/2016,44.89
11/04/2016,44.07
11/03/2016,44.66
11/02/2016,45.34
11/01/2016,46.67
10/31/2016,46.86
10/28/2016,48.70
10/27/2016,49.72
10/26/2016,49.18
10/25/2016,49.96
10/24/2016,50.52
10/21/2016,50.85
10/20/2016,50.43
10/19/2016,51.60
10/18/2016,50.29
10/17/2016,49.94
10/14/2016,50.35
10/13/2016,50.44
10/12/2016,50.18
10/11/2016,50.79
10/10/2016,51.35
10/07/2016,49.81
10/06/2016,50.44
10/05/2016,49.83
10/04/2016,48.69
10/03/2016,48.81
09/30/2016,48.24
09/29/2016,47.83
09/28/2016,47.05
09/27/2016,44.67
09/26/2016,45.93
09/23/2016,44.48
09/22/2016,46.32
09/21/2016,45.34
09/20/2016,43.44
09/19/2016,43.30
09/16/2016,43.03
09/15/2016,43.91
09/14/2016,43.58
09/13/2016,44.90
09/12/2016,46.29
09/09/2016,45.88
09/08/2016,47.62
09/07/2016,45.50
09/06/2016,44.83
09/05/2016,45.07
09/04/2016,44.11
09/02/2016,44.44
09/01/2016,43.16
08/31/2016,44.70
08/30/2016,46.35
08/29/2016,46.98
08/26/2016,47.64
08/25/2016,47.33
08/24/2016,46.77
08/23/2016,48.10
08/22/2016,47.05
08/19/2016,48.52
08/18/2016,48.22
08/17/2016,46.79
08/16/2016,46.58
08/15/2016,45.74
08/12/2016,44.49
08/11/2016,43.49
08/10/2016,41.71
08/09/2016,42.77
08/08/2016,43.02
08/05/2016,41.80
08/04/2016,41.93
08/03/2016,40.83
08/02/2016,39.51
08/01/2016,40.06
07/29/2016,41.60
07/28/2016,41.14
07/27/2016,41.92
07/26/2016,42.92
07/25/2016,43.13
07/22/2016,44.19
07/21/2016,44.75
07/20/2016,44.94
07/19/2016,44.65
07/18/2016,45.24
07/15/2016,45.95
07/14/2016,45.68
07/13/2016,44.75
07/12/2016,46.80
07/11/2016,44.76
07/08/2016,45.41
07/07/2016,45.14
07/06/2016,47.43
07/05/2016,46.60
07/04/2016,48.65
07/03/2016,49.01
07/01/2016,48.99
06/30/2016,48.33
06/29/2016,49.88
06/28/2016,47.85
06/27/2016,46.33
06/24/2016,47.64
06/23/2016,50.11
06/22/2016,49.13
06/21/2016,48.85
06/20/2016,49.37
06/17/2016,47.98
06/16/2016,46.21
06/15/2016,48.01
06/14/2016,48.49
06/13/2016,48.88
06/10/2016,49.07
06/09/2016,50.56
06/08/2016,51.23
06/07/2016,50.36
06/06/2016,49.69
06/03/2016,48.62
06/02/2016,49.17
06/01/2016,49.01
05/31/2016,49.10
05/30/2016,49.51
05/29/2016,49.58
05/27/2016,49.33
05/26/2016,49.48
05/25/2016,49.56
05/24/2016,48.62
05/23/2016,48.08
05/20/2016,47.75
05/19/2016,48.16
05/18/2016,48.19
05/17/2016,48.31
05/16/2016,47.72
05/13/2016,46.21
05/12/2016,46.70
05/11/2016,46.23
05/10/2016,44.66
05/09/2016,43.44
05/06/2016,44.66
05/05/2016,44.32
05/04/2016,43.78
05/03/2016,43.65
05/02/2016,44.78
04/29/2016,45.92
04/28/2016,46.03
04/27/2016,45.33
04/26/2016,44.04
04/25/2016,42.64
04/22/2016,43.73
04/21/2016,43.18
04/20/2016,42.63
04/19/2016,41.08
04/18/2016,39.78
04/15/2016,40.36
04/14/2016,41.50
04/13/2016,41.76
04/12/2016,42.17
04/11/2016,40.36
04/08/2016,39.72
04/07/2016,37.26
04/06/2016,37.75
04/05/2016,35.89
04/04/2016,35.70
04/01/2016,36.79
03/31/2016,38.34
03/30/2016,38.32
03/29/2016,38.28
03/28/2016,39.39
03/24/2016,39.46
03/23/2016,39.79
03/22/2016,41.45
03/21/2016,39.91
03/18/2016,39.44
03/17/2016,40.20
03/16/2016,38.46
03/15/2016,36.34
03/14/2016,37.18
03/11/2016,38.50
03/10/2016,37.84
03/09/2016,38.29
03/08/2016,36.50
03/07/2016,37.90
03/04/2016,35.92
03/03/2016,34.57
03/02/2016,34.66
03/01/2016,34.40
02/29/2016,33.75
02/26/2016,32.78
02/25/2016,33.07
02/24/2016,32.15
02/23/2016,31.87
02/22/2016,31.48
02/19/2016,29.64
02/18/2016,30.77
02/17/2016,30.66
02/16/2016,29.04
02/15/2016,30.60
02/14/2016,29.08
02/12/2016,29.44
02/11/2016,26.21
02/10/2016,27.45
02/09/2016,27.94
02/08/2016,29.69
02/05/2016,30.89
02/04/2016,31.72
02/03/2016,32.28
02/02/2016,29.88
02/01/2016,31.62
01/29/2016,33.62
01/28/2016,33.22
01/27/2016,32.30
01/26/2016,31.45
01/25/2016,30.34
01/22/2016,32.19
01/21/2016,29.53
01/20/2016,26.55
01/19/2016,28.46
01/18/2016,30.02
01/17/2016,29.75
01/15/2016,29.42
01/14/2016,31.20
01/13/2016,30.48
01/12/2016,30.44
01/11/2016,31.41
01/08/2016,33.16
01/07/2016,33.27
01/06/2016,33.97
01/05/2016,35.97
01/04/2016,36.76
12/31/2015,37.04
12/30/2015,36.60
12/29/2015,37.87
12/28/2015,36.81
12/24/2015,38.10
12/23/2015,37.50
12/22/2015,36.14
12/21/2015,34.74
12/18/2015,34.73
12/17/2015,34.95
12/16/2015,35.52
12/15/2015,37.35
12/14/2015,36.31
12/11/2015,35.62
12/10/2015,36.76
12/09/2015,37.16
12/08/2015,37.51
12/07/2015,37.65
12/04/2015,39.97
12/03/2015,41.08
12/02/2015,39.94
12/01/2015,41.85
11/30/2015,41.65
11/27/2015,41.71
11/26/2015,42.59
11/25/2015,43.04
11/24/2015,42.87
11/23/2015,41.75
11/20/2015,40.39
11/19/2015,40.54
11/18/2015,40.75
11/17/2015,40.67
11/16/2015,41.74
11/13/2015,40.74
11/12/2015,41.75
11/11/2015,42.93
11/10/2015,44.21
11/09/2015,43.87
11/06/2015,44.29
11/05/2015,45.20
11/04/2015,46.32
11/03/2015,47.90
11/02/2015,46.14
10/30/2015,46.59
10/29/2015,46.06
10/28/2015,45.94
10/27/2015,43.20
10/26/2015,43.98
10/23/2015,44.60
10/22/2015,45.38
10/21/2015,45.20
10/20/2015,45.55
10/19/2015,45.89
10/16/2015,47.26
10/15/2015,46.38
10/14/2015,46.64
10/13/2015,46.66
10/12/2015,47.10
10/09/2015,49.63
10/08/2015,49.43
10/07/2015,47.81
10/06/2015,48.53
10/05/2015,46.26
10/02/2015,45.54
10/01/2015,44.74
09/30/2015,45.09
09/29/2015,45.23
09/28/2015,44.43
09/25/2015,45.70
09/24/2015,44.91
09/23/2015,44.48
09/22/2015,45.83
09/21/2015,46.68
09/18/2015,44.68
09/17/2015,46.90
09/16/2015,47.15
09/15/2015,44.59
09/14/2015,44.00
09/11/2015,44.63
09/10/2015,45.92
09/09/2015,44.15
09/08/2015,45.94
09/07/2015,44.70
09/06/2015,45.72
09/04/2015,46.05
09/03/2015,46.75
09/02/2015,46.25
09/01/2015,45.41
08/31/2015,49.20
08/28/2015,45.22
08/27/2015,42.56
08/26/2015,38.60
08/25/2015,39.31
08/24/2015,38.24
08/21/2015,40.45
08/20/2015,41.14
08/19/2015,40.80
08/18/2015,42.62
08/17/2015,41.87
08/14/2015,42.50
08/13/2015,42.23
08/12/2015,43.30
08/11/2015,43.08
08/10/2015,44.96
08/07/2015,43.87
08/06/2015,44.66
08/05/2015,45.15
08/04/2015,45.74
08/03/2015,45.17
07/31/2015,47.12
07/30/2015,48.52
07/29/2015,48.79
07/28/2015,47.98
07/27/2015,47.39
07/24/2015,48.14
07/23/2015,48.45
07/22/2015,49.19
07/21/2015,50.36
07/20/2015,50.15
07/17/2015,50.89
07/16/2015,50.91
07/15/2015,51.41
07/14/2015,53.04
07/13/2015,52.20
07/10/2015,52.74
07/09/2015,52.78
07/08/2015,51.65
07/07/2015,52.33
07/06/2015,52.53
07/03/2015,55.52
07/02/2015,56.93
07/01/2015,56.96
06/30/2015,59.47
06/29/2015,58.33
06/26/2015,59.63
06/25/2015,59.70
06/24/2015,60.27
06/23/2015,61.01
06/22/2015,59.68
06/19/2015,59.61
06/18/2015,60.45
06/17/2015,59.92
06/16/2015,59.97
06/15/2015,59.52
06/12/2015,59.96
06/11/2015,60.77
06/10/2015,61.43
06/09/2015,60.14
06/08/2015,58.14
06/05/2015,59.13
06/04/2015,58.00
06/03/2015,59.64
06/02/2015,61.26
06/01/2015,60.20
05/29/2015,60.30
05/28/2015,57.68
05/27/2015,57.51
05/26/2015,58.03
05/25/2015,59.85
05/24/2015,59.92
05/22/2015,59.72
05/21/2015,60.72
05/20/2015,58.98
05/19/2015,57.26
05/18/2015,59.43
05/15/2015,59.69
05/14/2015,59.88
05/13/2015,60.50
05/12/2015,60.75
05/11/2015,59.25
05/08/2015,59.39
05/07/2015,58.94
05/06/2015,60.93
05/05/2015,60.40
05/04/2015,58.93
05/01/2015,59.15
04/30/2015,59.63
04/29/2015,58.58
04/28/2015,57.06
04/27/2015,56.99
04/24/2015,57.15
04/23/2015,57.74
04/22/2015,56.16
04/21/2015,55.26
04/20/2015,56.38
04/17/2015,55.74
04/16/2015,56.71
04/15/2015,56.39
04/14/2015,53.29
04/13/2015,51.91
04/10/2015,51.64
04/09/2015,50.79
04/08/2015,50.42
04/07/2015,53.98
04/06/2015,52.14
04/03/2015,49.14
04/02/2015,49.14
04/01/2015,50.09
03/31/2015,47.60
03/30/2015,48.68
03/27/2015,48.87
03/26/2015,51.43
03/25/2015,49.21
03/24/2015,47.51
03/23/2015,47.45
03/20/2015,45.72
03/19/2015,43.96
03/18/2015,44.66
03/17/2015,43.46
03/16/2015,43.88
03/13/2015,44.84
03/12/2015,47.05
03/11/2015,48.17
03/10/2015,48.29
03/09/2015,50.00
03/06/2015,49.61
03/05/2015,50.76
03/04/2015,51.53
03/03/2015,50.52
03/02/2015,49.59
02/27/2015,49.76
02/26/2015,48.17
02/25/2015,50.99
02/24/2015,49.28
02/23/2015,49.45
02/20/2015,50.34
02/19/2015,51.16
02/18/2015,52.14
02/17/2015,53.53
02/16/2015,53.61
02/15/2015,54.06
02/13/2015,52.78
02/12/2015,51.21
02/11/2015,48.84
02/10/2015,50.02
02/09/2015,52.86
02/06/2015,51.69
02/05/2015,50.48
02/04/2015,48.45
02/03/2015,53.05
02/02/2015,49.57
01/30/2015,48.24
01/29/2015,44.53
01/28/2015,44.45
01/27/2015,46.23
01/26/2015,45.15
01/23/2015,45.59
01/22/2015,46.31
01/21/2015,47.78
01/20/2015,46.39
01/19/2015,47.78
01/18/2015,48.85
01/16/2015,48.69
01/15/2015,46.25
01/14/2015,48.48
01/13/2015,45.89
01/12/2015,46.07
01/09/2015,48.36
01/08/2015,48.79
01/07/2015,48.65
01/06/2015,47.93
01/05/2015,50.04
01/02/2015,52.69
01/01/2015,54.56
12/31/2014,53.27
12/30/2014,54.12
12/29/2014,53.61
12/26/2014,54.73
12/25/2014,55.92
12/24/2014,55.84
12/23/2014,57.12
12/22/2014,55.26
12/19/2014,56.52
12/18/2014,54.11
12/17/2014,56.47
12/16/2014,55.93
12/15/2014,55.91
12/12/2014,57.81
12/11/2014,59.95
12/10/2014,60.94
12/09/2014,63.82
12/08/2014,63.05
12/05/2014,65.84
12/04/2014,66.81
12/03/2014,67.38
12/02/2014,66.88
12/01/2014,69.00
11/28/2014,66.15
11/27/2014,68.55
11/26/2014,73.69
11/25/2014,74.09
11/24/2014,75.78
11/21/2014,76.51
11/20/2014,75.58
11/19/2014,74.58
11/18/2014,74.61
11/17/2014,75.64
11/14/2014,75.82
11/13/2014,74.21
11/12/2014,77.18
11/11/2014,77.94
11/10/2014,77.40
11/07/2014,78.65
11/06/2014,77.91
11/05/2014,78.68
11/04/2014,77.19
11/03/2014,78.78
10/31/2014,80.54
10/30/2014,81.12
10/29/2014,82.20
10/28/2014,81.42
10/27/2014,81.00
10/24/2014,81.01
10/23/2014,82.09
10/22/2014,80.52
10/21/2014,82.81
10/20/2014,82.71
10/17/2014,82.75
10/16/2014,82.70
10/15/2014,81.78
10/14/2014,81.84
10/13/2014,85.74
10/10/2014,85.82
10/09/2014,85.77
10/08/2014,87.31
10/07/2014,88.85
10/06/2014,90.34
10/03/2014,89.74
10/02/2014,91.01
10/01/2014,90.73
09/30/2014,91.16
09/29/2014,94.57
09/26/2014,93.54
09/25/2014,92.53
09/24/2014,92.80
09/23/2014,91.56
09/22/2014,91.52
09/19/2014,92.41
09/18/2014,93.07
09/17/2014,94.42
09/16/2014,94.88
09/15/2014,92.92
09/12/2014,92.27
09/11/2014,92.83
09/10/2014,91.67
09/09/2014,92.75
09/08/2014,92.66
09/05/2014,93.29
09/04/2014,94.45
09/03/2014,95.54
09/02/2014,92.88
09/01/2014,95.83
08/29/2014,95.96
08/28/2014,94.55
08/27/2014,93.88
08/26/2014,93.86
08/25/2014,93.35
08/22/2014,93.65
08/21/2014,93.96
08/20/2014,96.07
08/19/2014,94.48
08/18/2014,96.41
08/15/2014,97.35
08/14/2014,95.58
08/13/2014,97.59
08/12/2014,97.37
08/11/2014,98.08
08/08/2014,97.65
08/07/2014,97.34
08/06/2014,96.92
08/05/2014,97.38
08/04/2014,98.29
08/01/2014,97.88
07/31/2014,98.17
07/30/2014,100.27
07/29/2014,100.97
07/28/2014,101.67
07/25/2014,102.09
07/24/2014,102.07
07/23/2014,103.12
07/22/2014,104.42
07/21/2014,104.59
07/18/2014,103.13
07/17/2014,103.19
07/16/2014,101.20
07/15/2014,99.96
07/14/2014,100.91
07/11/2014,100.83
07/10/2014,102.93
07/09/2014,102.29
07/08/2014,103.40
07/07/2014,103.53
07/04/2014,103.76
07/03/2014,104.06
07/02/2014,104.48
07/01/2014,105.34
06/30/2014,105.37
06/27/2014,105.74
06/26/2014,105.84
06/25/2014,106.50
06/24/2014,106.03
06/23/2014,106.17
06/20/2014,107.26
06/19/2014,106.43
06/18/2014,105.97
06/17/2014,106.36
06/16/2014,106.90
06/13/2014,106.91
06/12/2014,106.53
06/11/2014,104.40
06/10/2014,104.35
06/09/2014,104.41
06/06/2014,102.66
06/05/2014,102.48
06/04/2014,102.64
06/03/2014,102.66
06/02/2014,102.47
05/30/2014,102.71
05/29/2014,103.58
05/28/2014,102.72
05/27/2014,104.11
05/26/2014,104.28
05/23/2014,104.35
05/22/2014,103.74
05/21/2014,104.07
05/20/2014,102.44
05/19/2014,102.61
05/16/2014,102.02
05/15/2014,101.50
05/14/2014,102.37
05/13/2014,101.70
05/12/2014,100.59
05/09/2014,99.99
05/08/2014,100.26
05/07/2014,100.77
05/06/2014,99.50
05/05/2014,99.48
05/02/2014,99.76
05/01/2014,99.42
04/30/2014,99.74
04/29/2014,101.28
04/28/2014,100.84
04/25/2014,100.60
04/24/2014,101.94
04/23/2014,101.44
04/22/2014,102.13
04/21/2014,104.37
04/17/2014,104.30
04/16/2014,103.76
04/15/2014,103.75
04/14/2014,104.05
04/11/2014,103.74
04/10/2014,103.40
04/09/2014,103.60
04/08/2014,102.56
04/07/2014,100.44
04/04/2014,101.14
04/03/2014,100.29
04/02/2014,99.62
04/01/2014,99.74
03/31/2014,101.58
03/28/2014,101.67
03/27/2014,101.28
03/26/2014,100.26
03/25/2014,99.19
03/24/2014,99.60
03/21/2014,99.46
03/20/2014,99.43
03/19/2014,100.37
03/18/2014,99.70
03/17/2014,98.08
03/14/2014,98.89
03/13/2014,98.20
03/12/2014,97.99
03/11/2014,100.03
03/10/2014,101.12
03/07/2014,102.58
03/06/2014,101.56
03/05/2014,101.45
03/04/2014,103.33
03/03/2014,104.92
02/28/2014,102.59
02/27/2014,102.40
02/26/2014,102.59
02/25/2014,101.83
02/24/2014,102.82
02/21/2014,102.20
02/20/2014,102.92
02/19/2014,103.31
02/18/2014,102.43
02/17/2014,100.58
02/14/2014,100.30
02/13/2014,100.35
02/12/2014,100.37
02/11/2014,99.94
02/10/2014,100.06
02/07/2014,99.88
02/06/2014,97.84
02/05/2014,97.38
02/04/2014,97.19
02/03/2014,96.43
01/31/2014,97.49
01/30/2014,98.23
01/29/2014,97.36
01/28/2014,97.41
01/27/2014,95.72
01/24/2014,96.64
01/23/2014,97.32
01/22/2014,96.73
01/21/2014,94.99
01/20/2014,93.93
01/17/2014,94.37
01/16/2014,93.96
01/15/2014,94.17
01/14/2014,92.59
01/13/2014,91.80
01/10/2014,92.72
01/09/2014,91.66
01/08/2014,92.33
01/07/2014,93.67
01/06/2014,93.43
01/03/2014,93.96
01/02/2014,95.44
01/01/2014,98.70
12/31/2013,98.42
12/30/2013,99.29
12/27/2013,100.32
12/26/2013,99.55
12/24/2013,99.22
12/23/2013,98.91
12/20/2013,99.32
12/19/2013,98.77
12/18/2013,97.80
12/17/2013,97.22
12/16/2013,97.48
12/13/2013,96.60
12/12/2013,97.50
12/11/2013,97.44
12/10/2013,98.51
12/09/2013,97.34
12/06/2013,97.65
12/05/2013,97.38
12/04/2013,97.20
12/03/2013,96.04
12/02/2013,93.82
11/29/2013,92.72
11/28/2013,92.28
11/27/2013,92.30
11/26/2013,93.68
11/25/2013,94.09
11/22/2013,94.84
11/21/2013,95.44
11/20/2013,93.33
11/19/2013,93.34
11/18/2013,93.03
11/15/2013,93.84
11/14/2013,93.76
11/13/2013,93.88
11/12/2013,93.04
11/11/2013,95.14
11/08/2013,94.60
11/07/2013,94.20
11/06/2013,94.80
11/05/2013,93.37
11/04/2013,94.62
11/01/2013,94.61
10/31/2013,96.38
10/30/2013,96.77
10/29/2013,98.20
10/28/2013,98.68
10/25/2013,97.85
10/24/2013,97.11
10/23/2013,96.86
10/22/2013,97.80
10/21/2013,99.22
10/18/2013,100.81
10/17/2013,100.67
10/16/2013,102.29
10/15/2013,101.21
10/14/2013,102.41
10/11/2013,102.02
10/10/2013,103.01
10/09/2013,101.61
10/08/2013,103.49
10/07/2013,103.03
10/04/2013,103.84
10/03/2013,103.31
10/02/2013,104.10
10/01/2013,102.04
09/30/2013,102.33
09/27/2013,102.87
09/26/2013,103.03
09/25/2013,102.66
09/24/2013,103.13
09/23/2013,103.59
09/20/2013,104.68
09/19/2013,106.39
09/18/2013,108.07
09/17/2013,105.42
09/16/2013,106.59
09/13/2013,108.21
09/12/2013,108.60
09/11/2013,107.56
09/10/2013,107.39
09/09/2013,109.52
09/06/2013,110.53
09/05/2013,108.37
09/04/2013,107.23
09/03/2013,108.54
09/02/2013,106.75
08/30/2013,107.65
08/29/2013,108.80
08/28/2013,110.10
08/27/2013,109.01
08/26/2013,105.92
08/23/2013,106.42
08/22/2013,105.03
08/21/2013,103.85
08/20/2013,104.96
08/19/2013,107.10
08/16/2013,107.46
08/15/2013,107.33
08/14/2013,106.85
08/13/2013,106.83
08/12/2013,106.11
08/09/2013,105.97
08/08/2013,103.40
08/07/2013,104.37
08/06/2013,105.30
08/05/2013,106.56
08/02/2013,106.94
08/01/2013,107.89
07/31/2013,105.03
07/30/2013,103.08
07/29/2013,104.55
07/26/2013,104.70
07/25/2013,105.49
07/24/2013,105.39
07/23/2013,107.23
07/22/2013,106.91
07/19/2013,108.05
07/18/2013,108.04
07/17/2013,106.48
07/16/2013,106.00
07/15/2013,106.32
07/12/2013,105.95
07/11/2013,104.91
07/10/2013,106.52
07/09/2013,103.53
07/08/2013,103.14
07/05/2013,103.22
07/04/2013,101.40
07/03/2013,101.24
07/02/2013,99.60
07/01/2013,97.99
06/28/2013,96.56
06/27/2013,97.05
06/26/2013,95.50
06/25/2013,95.32
06/24/2013,95.18
06/21/2013,93.69
06/20/2013,95.40
06/19/2013,98.24
06/18/2013,98.44
06/17/2013,97.77
06/14/2013,97.85
06/13/2013,96.69
06/12/2013,95.88
06/11/2013,95.38
06/10/2013,95.77
06/07/2013,96.03
06/06/2013,94.76
06/05/2013,93.74
06/04/2013,93.31
06/03/2013,93.45
05/31/2013,91.97
05/30/2013,93.61
05/29/2013,93.13
05/28/2013,95.01
05/27/2013,93.83
05/24/2013,94.15
05/23/2013,94.25
05/22/2013,94.28
05/21/2013,96.16
05/20/2013,96.71
05/17/2013,96.02
05/16/2013,95.16
05/15/2013,94.30
05/14/2013,94.21
05/13/2013,95.17
05/10/2013,96.04
05/09/2013,96.39
05/08/2013,96.62
05/07/2013,95.62
05/06/2013,96.16
05/03/2013,95.61
05/02/2013,93.99
05/01/2013,91.03
04/30/2013,93.46
04/29/2013,94.50
04/26/2013,93.00
04/25/2013,93.64
04/24/2013,91.43
04/23/2013,89.18
04/22/2013,88.76
04/19/2013,88.01
04/18/2013,87.73
04/17/2013,86.68
04/16/2013,88.72
04/15/2013,88.71
04/12/2013,91.29
04/11/2013,93.51
04/10/2013,94.64
04/09/2013,94.20
04/08/2013,93.36
04/05/2013,92.70
04/04/2013,93.26
04/03/2013,94.45
04/02/2013,97.19
04/01/2013,97.07
03/28/2013,97.23
03/27/2013,96.58
03/26/2013,96.34
03/25/2013,94.81
03/22/2013,93.71
03/21/2013,92.45
03/20/2013,92.96
03/19/2013,92.16
03/18/2013,93.74
03/15/2013,93.45
03/14/2013,93.03
03/13/2013,92.52
03/12/2013,92.54
03/11/2013,92.06
03/08/2013,91.95
03/07/2013,91.56
03/06/2013,90.43
03/05/2013,90.82
03/04/2013,90.12
03/01/2013,90.68
02/28/2013,92.05
02/27/2013,92.76
02/26/2013,92.63
02/25/2013,93.11
02/22/2013,93.13
02/21/2013,92.84
02/20/2013,94.46
02/19/2013,96.66
02/15/2013,95.86
02/14/2013,97.31
02/13/2013,97.01
02/12/2013,97.51
02/11/2013,97.03
02/08/2013,95.72
02/07/2013,95.83
02/06/2013,96.62
02/05/2013,96.64
02/04/2013,96.17
02/01/2013,97.77
01/31/2013,97.49
01/30/2013,97.94
01/29/2013,97.57
01/28/2013,96.44
01/25/2013,95.88
01/24/2013,95.95
01/23/2013,95.23
01/22/2013,96.24
01/18/2013,95.56
01/17/2013,95.49
01/16/2013,94.24
01/15/2013,93.28
01/14/2013,94.14
01/11/2013,93.56
01/10/2013,93.82
01/09/2013,93.10
01/08/2013,93.15
01/07/2013,93.19
01/04/2013,93.09
01/03/2013,92.92
01/02/2013,93.12